{
  "ngram": {
    "dev_ppl": 496.7757260153809,
    "test_ppl": 464.43777568327806,
    "train_time_s": 2.7047157287597656,
    "eval_time_s": 0.7585995197296143
  },
  "rnn": {
    "dev_ppl": 46.731809761443486,
    "test_ppl": 44.357425826473175,
    "train_time_s": 603.2121183872223
  },
  "lstm": {
    "dev_ppl": 37.845606864919695,
    "test_ppl": 36.82618728815795,
    "train_time_s": 647.6212334632874
  },
  "transformer": {
    "dev_ppl": 19.354058348365776,
    "test_ppl": 18.63981221718059,
    "train_time_s": 898.2658138275146
  }
}